{"cameraMode":{"drawMode":0,"name":"Shaded","section":"Shading Mode"},"sceneLighting":false,"audioPlay":false,"sceneViewState":{"m_AlwaysRefresh":false,"showFog":true,"showSkybox":false,"showFlares":true,"showImageEffects":true,"showParticleSystems":true,"showVisualEffectGraphs":true,"m_FxEnabled":true},"in2DMode":false,"pivot":{"x":-0.0408177375793457,"y":-0.009694607928395272,"z":0.08202934265136719},"rotation":{"x":0.0014752121642231942,"y":0.18050697445869447,"z":-0.0002709881810005754,"w":0.9835782051086426},"size":0.9057593941688538,"orthographic":true}