{"cameraMode":{"drawMode":0,"name":"Shaded","section":"Shading Mode"},"sceneLighting":false,"audioPlay":false,"sceneViewState":{"m_AlwaysRefresh":false,"showFog":true,"showSkybox":false,"showFlares":true,"showImageEffects":true,"showParticleSystems":true,"showVisualEffectGraphs":true,"m_FxEnabled":true},"in2DMode":false,"pivot":{"x":-0.6068276762962341,"y":3.375465098542918e-7,"z":-0.6425637006759644},"rotation":{"x":0.0014752121642231942,"y":0.18050697445869447,"z":-0.0002709881810005754,"w":0.9835782051086426},"size":0.5046311616897583,"orthographic":true}